NAME, SUSPENDERS, BELT
Immense Networks, 30.411242, -91.046954
Some Random Place, 30.4161112270156, -91.0866165161133